latitude,longitude
-89.12361111111112,37
-89.12361111111112,39
-89.12361111111112,41
-89.12361111111112,43
-89.12361111111112,45
-89.12361111111112,47
-89.12361111111112,49
-89.12361111111112,51
-89.12361111111112,53
-89.12361111111112,55
-89.12361111111112,57
-89.12361111111112,59
-89.12361111111112,61
-89.12361111111112,63
-89.12361111111112,65
-89.12361111111112,67
-89.12361111111112,69
-89.12361111111112,71
-89.12361111111112,73
-89.12361111111112,75
-89.12361111111112,77
-89.12361111111112,79
-89.12361111111112,81
-89.12361111111112,83
-89.12361111111112,85
-89.12361111111112,87
-89.12361111111112,89
-89.12361111111112,91
-89.12361111111112,93
-89.12361111111112,95
-89.12361111111112,97
-89.12361111111112,99
-89.12361111111112,101
-89.12361111111112,103
-89.12361111111112,105
-87.12083333333334,-79
-87.12083333333334,-77
-87.12083333333334,-75
-87.12083333333334,-73
-87.12083333333334,-71
-87.12083333333334,-69
-87.12083333333334,-33
-87.12083333333334,-31
-87.12083333333334,-29
-87.12083333333334,-27
-87.12083333333334,-25
-87.12083333333334,-23
-87.12083333333334,-21
-87.12083333333334,-19
-87.12083333333334,-17
-87.12083333333334,-15
-87.12083333333334,-13
-87.12083333333334,-11
-87.12083333333334,-9
-87.12083333333334,-7
-87.12083333333334,-5
-87.12083333333334,-3
-87.12083333333334,-1
-87.12083333333334,1
-87.12083333333334,3
-87.12083333333334,5
-87.12083333333334,7
-87.12083333333334,9
-87.12083333333334,11
-87.12083333333334,13
-87.12083333333334,15
-87.12083333333334,17
-87.12083333333334,19
-87.12083333333334,21
-87.12083333333334,23
-87.12083333333334,25
-87.12083333333334,27
-87.12083333333334,71
-87.12083333333334,73
-87.12083333333334,75
-87.12083333333334,77
-87.12083333333334,79
-87.12083333333334,81
-87.12083333333334,83
-87.12083333333334,85
-87.12083333333334,87
-87.12083333333334,89
-87.12083333333334,91
-87.12083333333334,93
-87.12083333333334,95
-87.12083333333334,97
-87.12083333333334,99
-87.12083333333334,101
-87.12083333333334,103
-87.12083333333334,105
-87.12083333333334,107
-87.12083333333334,109
-87.12083333333334,111
-87.12083333333334,113
-87.12083333333334,115
-85.11805555555556,-43
-85.11805555555556,-41
-85.11805555555556,-39
-85.11805555555556,-37
-85.11805555555556,-35
-85.11805555555556,-33
-85.11805555555556,-31
-85.11805555555556,-29
-85.11805555555556,-27
-85.11805555555556,-25
-85.11805555555556,-23
-85.11805555555556,-21
-85.11805555555556,-19
-85.11805555555556,-17
-85.11805555555556,-15
-85.11805555555556,-13
-85.11805555555556,-11
-85.11805555555556,-9
-85.11805555555556,-7
-85.11805555555556,-5
-85.11805555555556,-3
-85.11805555555556,-1
-85.11805555555556,1
-85.11805555555556,3
-85.11805555555556,5
-85.11805555555556,7
-85.11805555555556,9
-85.11805555555556,11
-85.11805555555556,13
-85.11805555555556,15
-85.11805555555556,17
-85.11805555555556,19
-85.11805555555556,21
-85.11805555555556,23
-85.11805555555556,25
-85.11805555555556,27
-85.11805555555556,29
-85.11805555555556,31
-85.11805555555556,33
-85.11805555555556,35
-85.11805555555556,37
-85.11805555555556,39
-85.11805555555556,41
-85.11805555555556,43
-85.11805555555556,45
-85.11805555555556,47
-85.11805555555556,49
-85.11805555555556,93
-85.11805555555556,95
-85.11805555555556,97
-85.11805555555556,99
-85.11805555555556,101
-85.11805555555556,103
-85.11805555555556,105
-85.11805555555556,107
-85.11805555555556,109
-85.11805555555556,111
-85.11805555555556,113
-85.11805555555556,115
-85.11805555555556,117
-83.11527777777778,-57
-83.11527777777778,-55
-83.11527777777778,-53
-83.11527777777778,-45
-83.11527777777778,-43
-83.11527777777778,-41
-83.11527777777778,-39
-83.11527777777778,-37
-83.11527777777778,-35
-83.11527777777778,-33
-83.11527777777778,-31
-83.11527777777778,-29
-83.11527777777778,-27
-83.11527777777778,-25
-83.11527777777778,-23
-83.11527777777778,-21
-83.11527777777778,-19
-83.11527777777778,-17
-83.11527777777778,-15
-83.11527777777778,-13
-83.11527777777778,-11
-83.11527777777778,-9
-83.11527777777778,-7
-83.11527777777778,-5
-83.11527777777778,-3
-83.11527777777778,-1
-83.11527777777778,1
-83.11527777777778,3
-83.11527777777778,5
-83.11527777777778,7
-83.11527777777778,9
-83.11527777777778,11
-83.11527777777778,13
-83.11527777777778,15
-83.11527777777778,17
-83.11527777777778,19
-83.11527777777778,21
-83.11527777777778,23
-83.11527777777778,25
-83.11527777777778,27
-83.11527777777778,29
-83.11527777777778,31
-83.11527777777778,33
-83.11527777777778,35
-83.11527777777778,37
-83.11527777777778,39
-83.11527777777778,41
-83.11527777777778,43
-83.11527777777778,45
-83.11527777777778,47
-83.11527777777778,49
-83.11527777777778,51
-83.11527777777778,53
-83.11527777777778,55
-83.11527777777778,57
-83.11527777777778,63
-83.11527777777778,65
-83.11527777777778,101
-83.11527777777778,103
-83.11527777777778,105
-83.11527777777778,107
-83.11527777777778,109
-83.11527777777778,111
-83.11527777777778,113
-83.11527777777778,115
-81.1125,-71
-81.1125,-69
-81.1125,-39
-81.1125,-37
-81.1125,-35
-81.1125,-33
-81.1125,-31
-81.1125,-29
-81.1125,-27
-81.1125,-25
-81.1125,-23
-81.1125,-21
-81.1125,-19
-81.1125,-17
-81.1125,-15
-81.1125,-13
-81.1125,-11
-81.1125,-9
-81.1125,-7
-81.1125,-5
-81.1125,-3
-81.1125,-1
-81.1125,1
-81.1125,3
-81.1125,5
-81.1125,7
-81.1125,9
-81.1125,11
-81.1125,13
-81.1125,15
-81.1125,17
-81.1125,19
-81.1125,21
-81.1125,23
-81.1125,25
-81.1125,27
-81.1125,29
-81.1125,31
-81.1125,33
-81.1125,35
-81.1125,37
-81.1125,39
-81.1125,41
-81.1125,43
-81.1125,45
-81.1125,47
-81.1125,49
-81.1125,51
-81.1125,53
-81.1125,55
-81.1125,57
-81.1125,59
-81.1125,61
-81.1125,63
-81.1125,65
-81.1125,67
-81.1125,73
-81.1125,75
-81.1125,77
-79.10972222222222,-91
-79.10972222222222,-89
-79.10972222222222,-47
-79.10972222222222,-33
-79.10972222222222,-29
-79.10972222222222,-27
-79.10972222222222,-25
-79.10972222222222,-23
-79.10972222222222,-21
-79.10972222222222,-19
-79.10972222222222,-17
-79.10972222222222,-15
-79.10972222222222,-13
-79.10972222222222,-11
-79.10972222222222,-9
-79.10972222222222,-7
-79.10972222222222,-5
-79.10972222222222,-3
-79.10972222222222,-1
-79.10972222222222,1
-79.10972222222222,3
-79.10972222222222,5
-79.10972222222222,7
-79.10972222222222,9
-79.10972222222222,11
-79.10972222222222,13
-79.10972222222222,15
-79.10972222222222,17
-79.10972222222222,19
-79.10972222222222,21
-79.10972222222222,23
-79.10972222222222,25
-79.10972222222222,27
-79.10972222222222,29
-79.10972222222222,31
-79.10972222222222,33
-79.10972222222222,35
-79.10972222222222,37
-79.10972222222222,39
-79.10972222222222,41
-79.10972222222222,43
-79.10972222222222,45
-79.10972222222222,47
-79.10972222222222,49
-79.10972222222222,51
-79.10972222222222,53
-79.10972222222222,55
-79.10972222222222,57
-79.10972222222222,59
-79.10972222222222,61
-79.10972222222222,63
-79.10972222222222,65
-77.10694444444445,-91
-77.10694444444445,-89
-77.10694444444445,-23
-77.10694444444445,-21
-77.10694444444445,-19
-77.10694444444445,-17
-77.10694444444445,-15
-77.10694444444445,-13
-77.10694444444445,-11
-77.10694444444445,-9
-77.10694444444445,-7
-77.10694444444445,-5
-77.10694444444445,-3
-77.10694444444445,-1
-77.10694444444445,1
-77.10694444444445,3
-77.10694444444445,5
-77.10694444444445,7
-77.10694444444445,9
-77.10694444444445,11
-77.10694444444445,13
-77.10694444444445,15
-77.10694444444445,17
-77.10694444444445,19
-77.10694444444445,21
-77.10694444444445,23
-77.10694444444445,25
-77.10694444444445,27
-77.10694444444445,29
-77.10694444444445,31
-77.10694444444445,33
-77.10694444444445,35
-77.10694444444445,37
-77.10694444444445,39
-77.10694444444445,41
-77.10694444444445,43
-77.10694444444445,45
-77.10694444444445,47
-77.10694444444445,49
-77.10694444444445,51
-77.10694444444445,53
-77.10694444444445,55
-77.10694444444445,57
-77.10694444444445,59
-77.10694444444445,61
-77.10694444444445,63
-77.10694444444445,65
-77.10694444444445,67
-75.10416666666667,-75
-75.10416666666667,-73
-75.10416666666667,-71
-75.10416666666667,-69
-75.10416666666667,-13
-75.10416666666667,-11
-75.10416666666667,-9
-75.10416666666667,-7
-75.10416666666667,-5
-75.10416666666667,-3
-75.10416666666667,-1
-75.10416666666667,1
-75.10416666666667,3
-75.10416666666667,5
-75.10416666666667,7
-75.10416666666667,9
-75.10416666666667,11
-75.10416666666667,13
-75.10416666666667,15
-75.10416666666667,17
-75.10416666666667,19
-75.10416666666667,21
-75.10416666666667,23
-75.10416666666667,25
-75.10416666666667,27
-75.10416666666667,29
-75.10416666666667,31
-75.10416666666667,33
-75.10416666666667,35
-75.10416666666667,37
-75.10416666666667,39
-75.10416666666667,41
-75.10416666666667,43
-75.10416666666667,45
-75.10416666666667,47
-75.10416666666667,49
-75.10416666666667,51
-75.10416666666667,53
-75.10416666666667,55
-75.10416666666667,57
-75.10416666666667,59
-75.10416666666667,61
-75.10416666666667,63
-75.10416666666667,65
-75.10416666666667,67
-75.10416666666667,69
-73.10138888888889,-9
-73.10138888888889,-7
-73.10138888888889,-5
-73.10138888888889,-3
-73.10138888888889,-1
-73.10138888888889,1
-73.10138888888889,3
-73.10138888888889,5
-73.10138888888889,7
-73.10138888888889,9
-73.10138888888889,11
-73.10138888888889,13
-73.10138888888889,15
-73.10138888888889,17
-73.10138888888889,19
-73.10138888888889,21
-73.10138888888889,23
-73.10138888888889,25
-73.10138888888889,27
-73.10138888888889,29
-73.10138888888889,31
-73.10138888888889,33
-73.10138888888889,35
-73.10138888888889,37
-73.10138888888889,39
-73.10138888888889,41
-73.10138888888889,43
-73.10138888888889,45
-73.10138888888889,47
-73.10138888888889,49
-73.10138888888889,51
-73.10138888888889,53
-73.10138888888889,55
-73.10138888888889,57
-73.10138888888889,59
-73.10138888888889,61
-73.10138888888889,63
-73.10138888888889,65
-71.09861111111111,29
-71.09861111111111,31
-71.09861111111111,33
-71.09861111111111,35
-71.09861111111111,37
-71.09861111111111,39
-71.09861111111111,41
-71.09861111111111,43
-71.09861111111111,45
-71.09861111111111,47
-71.09861111111111,49
-71.09861111111111,51
-71.09861111111111,53
-71.09861111111111,55
-71.09861111111111,57
-71.09861111111111,59
-71.09861111111111,61
-71.09861111111111,63
-71.09861111111111,65
-69.09583333333333,45
-69.09583333333333,47
-69.09583333333333,49
-69.09583333333333,51
-69.09583333333333,53
-69.09583333333333,55
-69.09583333333333,57
-69.09583333333333,59
-69.09583333333333,61
-69.09583333333333,63
-69.09583333333333,65
-67.09305555555555,53
-67.09305555555555,55
-51.07083333333333,-71
-49.06805555555555,-73
-49.06805555555555,-71
-47.06527777777778,-73
-47.06527777777778,-71
-47.06527777777778,-69
-45.0625,-71
-45.0625,-69
-43.05972222222222,-71
-43.05972222222222,-69
-43.05972222222222,-67
-41.05694444444445,-71
-41.05694444444445,-69
-41.05694444444445,-67
-39.05416666666667,-71
-39.05416666666667,-69
-39.05416666666667,-67
-39.05416666666667,-65
-37.05138888888889,-71
-37.05138888888889,-69
-37.05138888888889,-67
-37.05138888888889,-65
-37.05138888888889,-63
-37.05138888888889,-61
-37.05138888888889,-59
-37.05138888888889,143
-35.04861111111111,-69
-35.04861111111111,-67
-35.04861111111111,-65
-35.04861111111111,-63
-35.04861111111111,-61
-35.04861111111111,141
-35.04861111111111,143
-35.04861111111111,145
-35.04861111111111,147
-35.04861111111111,149
-33.04583333333333,-69
-33.04583333333333,-67
-33.04583333333333,-65
-33.04583333333333,-63
-33.04583333333333,-61
-33.04583333333333,-55
-33.04583333333333,21
-33.04583333333333,117
-33.04583333333333,141
-33.04583333333333,143
-33.04583333333333,145
-33.04583333333333,147
-33.04583333333333,149
-31.04305555555555,-69
-31.04305555555555,-67
-31.04305555555555,-65
-31.04305555555555,-63
-31.04305555555555,-61
-31.04305555555555,-59
-31.04305555555555,-57
-31.04305555555555,-55
-31.04305555555555,-53
-31.04305555555555,21
-31.04305555555555,23
-31.04305555555555,25
-31.04305555555555,27
-31.04305555555555,117
-31.04305555555555,119
-31.04305555555555,121
-31.04305555555555,123
-31.04305555555555,125
-31.04305555555555,135
-31.04305555555555,137
-31.04305555555555,139
-31.04305555555555,141
-31.04305555555555,143
-31.04305555555555,145
-31.04305555555555,147
-31.04305555555555,149
-31.04305555555555,151
-29.04027777777778,-69
-29.04027777777778,-67
-29.04027777777778,-65
-29.04027777777778,-63
-29.04027777777778,-61
-29.04027777777778,-59
-29.04027777777778,-57
-29.04027777777778,-55
-29.04027777777778,-53
-29.04027777777778,19
-29.04027777777778,21
-29.04027777777778,23
-29.04027777777778,25
-29.04027777777778,27
-29.04027777777778,29
-29.04027777777778,117
-29.04027777777778,119
-29.04027777777778,121
-29.04027777777778,123
-29.04027777777778,125
-29.04027777777778,127
-29.04027777777778,129
-29.04027777777778,131
-29.04027777777778,133
-29.04027777777778,135
-29.04027777777778,137
-29.04027777777778,139
-29.04027777777778,141
-29.04027777777778,143
-29.04027777777778,145
-29.04027777777778,147
-29.04027777777778,149
-29.04027777777778,151
-27.0375,-69
-27.0375,-67
-27.0375,-65
-27.0375,-63
-27.0375,-61
-27.0375,-59
-27.0375,-57
-27.0375,-55
-27.0375,-53
-27.0375,-51
-27.0375,19
-27.0375,21
-27.0375,23
-27.0375,25
-27.0375,27
-27.0375,29
-27.0375,31
-27.0375,117
-27.0375,119
-27.0375,121
-27.0375,123
-27.0375,125
-27.0375,127
-27.0375,129
-27.0375,131
-27.0375,133
-27.0375,135
-27.0375,137
-27.0375,139
-27.0375,141
-27.0375,143
-27.0375,145
-27.0375,147
-27.0375,149
-27.0375,151
-25.03472222222223,-69
-25.03472222222223,-67
-25.03472222222223,-65
-25.03472222222223,-63
-25.03472222222223,-61
-25.03472222222223,-59
-25.03472222222223,-57
-25.03472222222223,-55
-25.03472222222223,-53
-25.03472222222223,-51
-25.03472222222223,17
-25.03472222222223,19
-25.03472222222223,21
-25.03472222222223,23
-25.03472222222223,25
-25.03472222222223,27
-25.03472222222223,29
-25.03472222222223,31
-25.03472222222223,117
-25.03472222222223,119
-25.03472222222223,121
-25.03472222222223,123
-25.03472222222223,125
-25.03472222222223,127
-25.03472222222223,129
-25.03472222222223,131
-25.03472222222223,133
-25.03472222222223,135
-25.03472222222223,137
-25.03472222222223,139
-25.03472222222223,141
-25.03472222222223,143
-25.03472222222223,145
-25.03472222222223,147
-25.03472222222223,149
-25.03472222222223,151
-23.03194444444445,-69
-23.03194444444445,-67
-23.03194444444445,-65
-23.03194444444445,-63
-23.03194444444445,-61
-23.03194444444445,-59
-23.03194444444445,-57
-23.03194444444445,-55
-23.03194444444445,-53
-23.03194444444445,-51
-23.03194444444445,-49
-23.03194444444445,17
-23.03194444444445,19
-23.03194444444445,21
-23.03194444444445,23
-23.03194444444445,25
-23.03194444444445,27
-23.03194444444445,29
-23.03194444444445,31
-23.03194444444445,33
-23.03194444444445,45
-23.03194444444445,117
-23.03194444444445,119
-23.03194444444445,121
-23.03194444444445,123
-23.03194444444445,125
-23.03194444444445,127
-23.03194444444445,129
-23.03194444444445,131
-23.03194444444445,133
-23.03194444444445,135
-23.03194444444445,137
-23.03194444444445,139
-23.03194444444445,141
-23.03194444444445,143
-23.03194444444445,145
-23.03194444444445,147
-21.02916666666667,-69
-21.02916666666667,-67
-21.02916666666667,-65
-21.02916666666667,-63
-21.02916666666667,-61
-21.02916666666667,-59
-21.02916666666667,-57
-21.02916666666667,-55
-21.02916666666667,-53
-21.02916666666667,-51
-21.02916666666667,-49
-21.02916666666667,-47
-21.02916666666667,-45
-21.02916666666667,-43
-21.02916666666667,17
-21.02916666666667,19
-21.02916666666667,21
-21.02916666666667,23
-21.02916666666667,25
-21.02916666666667,27
-21.02916666666667,29
-21.02916666666667,31
-21.02916666666667,33
-21.02916666666667,47
-21.02916666666667,121
-21.02916666666667,123
-21.02916666666667,125
-21.02916666666667,127
-21.02916666666667,129
-21.02916666666667,131
-21.02916666666667,133
-21.02916666666667,135
-21.02916666666667,137
-21.02916666666667,139
-21.02916666666667,141
-21.02916666666667,143
-21.02916666666667,145
-21.02916666666667,147
-19.02638888888889,-69
-19.02638888888889,-67
-19.02638888888889,-65
-19.02638888888889,-63
-19.02638888888889,-61
-19.02638888888889,-59
-19.02638888888889,-57
-19.02638888888889,-55
-19.02638888888889,-53
-19.02638888888889,-51
-19.02638888888889,-49
-19.02638888888889,-47
-19.02638888888889,-45
-19.02638888888889,-43
-19.02638888888889,-41
-19.02638888888889,15
-19.02638888888889,17
-19.02638888888889,19
-19.02638888888889,21
-19.02638888888889,23
-19.02638888888889,25
-19.02638888888889,27
-19.02638888888889,29
-19.02638888888889,31
-19.02638888888889,33
-19.02638888888889,47
-19.02638888888889,125
-19.02638888888889,127
-19.02638888888889,129
-19.02638888888889,131
-19.02638888888889,133
-19.02638888888889,135
-19.02638888888889,137
-19.02638888888889,139
-19.02638888888889,141
-19.02638888888889,143
-19.02638888888889,145
-17.02361111111111,-69
-17.02361111111111,-67
-17.02361111111111,-65
-17.02361111111111,-63
-17.02361111111111,-61
-17.02361111111111,-59
-17.02361111111111,-57
-17.02361111111111,-55
-17.02361111111111,-53
-17.02361111111111,-51
-17.02361111111111,-49
-17.02361111111111,-47
-17.02361111111111,-45
-17.02361111111111,-43
-17.02361111111111,-41
-17.02361111111111,15
-17.02361111111111,17
-17.02361111111111,19
-17.02361111111111,21
-17.02361111111111,23
-17.02361111111111,25
-17.02361111111111,27
-17.02361111111111,29
-17.02361111111111,31
-17.02361111111111,33
-17.02361111111111,35
-17.02361111111111,47
-17.02361111111111,127
-17.02361111111111,129
-17.02361111111111,131
-17.02361111111111,133
-17.02361111111111,135
-17.02361111111111,143
-15.02083333333333,-71
-15.02083333333333,-69
-15.02083333333333,-67
-15.02083333333333,-65
-15.02083333333333,-63
-15.02083333333333,-61
-15.02083333333333,-59
-15.02083333333333,-57
-15.02083333333333,-55
-15.02083333333333,-53
-15.02083333333333,-51
-15.02083333333333,-49
-15.02083333333333,-47
-15.02083333333333,-45
-15.02083333333333,-43
-15.02083333333333,-41
-15.02083333333333,15
-15.02083333333333,17
-15.02083333333333,19
-15.02083333333333,21
-15.02083333333333,23
-15.02083333333333,25
-15.02083333333333,27
-15.02083333333333,29
-15.02083333333333,31
-15.02083333333333,33
-15.02083333333333,35
-15.02083333333333,37
-15.02083333333333,39
-15.02083333333333,131
-15.02083333333333,133
-13.01805555555556,-75
-13.01805555555556,-73
-13.01805555555556,-71
-13.01805555555556,-69
-13.01805555555556,-67
-13.01805555555556,-65
-13.01805555555556,-63
-13.01805555555556,-61
-13.01805555555556,-59
-13.01805555555556,-57
-13.01805555555556,-55
-13.01805555555556,-53
-13.01805555555556,-51
-13.01805555555556,-49
-13.01805555555556,-47
-13.01805555555556,-45
-13.01805555555556,-43
-13.01805555555556,-41
-13.01805555555556,15
-13.01805555555556,17
-13.01805555555556,19
-13.01805555555556,21
-13.01805555555556,23
-13.01805555555556,25
-13.01805555555556,27
-13.01805555555556,29
-13.01805555555556,31
-13.01805555555556,33
-13.01805555555556,35
-13.01805555555556,37
-13.01805555555556,39
-11.01527777777778,-75
-11.01527777777778,-73
-11.01527777777778,-71
-11.01527777777778,-69
-11.01527777777778,-67
-11.01527777777778,-65
-11.01527777777778,-63
-11.01527777777778,-61
-11.01527777777778,-59
-11.01527777777778,-57
-11.01527777777778,-55
-11.01527777777778,-53
-11.01527777777778,-51
-11.01527777777778,-49
-11.01527777777778,-47
-11.01527777777778,-45
-11.01527777777778,-43
-11.01527777777778,-41
-11.01527777777778,-39
-11.01527777777778,17
-11.01527777777778,19
-11.01527777777778,21
-11.01527777777778,23
-11.01527777777778,25
-11.01527777777778,27
-11.01527777777778,29
-11.01527777777778,31
-11.01527777777778,33
-11.01527777777778,35
-11.01527777777778,37
-11.01527777777778,39
-9.012500000000003,-77
-9.012500000000003,-75
-9.012500000000003,-73
-9.012500000000003,-71
-9.012500000000003,-69
-9.012500000000003,-67
-9.012500000000003,-65
-9.012500000000003,-63
-9.012500000000003,-61
-9.012500000000003,-59
-9.012500000000003,-57
-9.012500000000003,-55
-9.012500000000003,-53
-9.012500000000003,-51
-9.012500000000003,-49
-9.012500000000003,-47
-9.012500000000003,-45
-9.012500000000003,-43
-9.012500000000003,-41
-9.012500000000003,-39
-9.012500000000003,15
-9.012500000000003,17
-9.012500000000003,19
-9.012500000000003,21
-9.012500000000003,23
-9.012500000000003,25
-9.012500000000003,27
-9.012500000000003,29
-9.012500000000003,31
-9.012500000000003,33
-9.012500000000003,35
-9.012500000000003,37
-7.009722222222223,-77
-7.009722222222223,-75
-7.009722222222223,-73
-7.009722222222223,-71
-7.009722222222223,-69
-7.009722222222223,-67
-7.009722222222223,-65
-7.009722222222223,-63
-7.009722222222223,-61
-7.009722222222223,-59
-7.009722222222223,-57
-7.009722222222223,-55
-7.009722222222223,-53
-7.009722222222223,-51
-7.009722222222223,-49
-7.009722222222223,-47
-7.009722222222223,-45
-7.009722222222223,-43
-7.009722222222223,-41
-7.009722222222223,-39
-7.009722222222223,-37
-7.009722222222223,15
-7.009722222222223,17
-7.009722222222223,19
-7.009722222222223,21
-7.009722222222223,23
-7.009722222222223,25
-7.009722222222223,27
-7.009722222222223,29
-7.009722222222223,31
-7.009722222222223,33
-7.009722222222223,35
-7.009722222222223,37
-5.006944444444443,-79
-5.006944444444443,-77
-5.006944444444443,-75
-5.006944444444443,-73
-5.006944444444443,-71
-5.006944444444443,-69
-5.006944444444443,-67
-5.006944444444443,-65
-5.006944444444443,-63
-5.006944444444443,-61
-5.006944444444443,-59
-5.006944444444443,-57
-5.006944444444443,-55
-5.006944444444443,-53
-5.006944444444443,-51
-5.006944444444443,-49
-5.006944444444443,-47
-5.006944444444443,-45
-5.006944444444443,-43
-5.006944444444443,-41
-5.006944444444443,-39
-5.006944444444443,15
-5.006944444444443,17
-5.006944444444443,19
-5.006944444444443,21
-5.006944444444443,23
-5.006944444444443,25
-5.006944444444443,27
-5.006944444444443,29
-5.006944444444443,31
-5.006944444444443,33
-5.006944444444443,35
-5.006944444444443,37
-5.006944444444443,141
-5.006944444444443,143
-3.004166666666663,-77
-3.004166666666663,-75
-3.004166666666663,-73
-3.004166666666663,-71
-3.004166666666663,-69
-3.004166666666663,-67
-3.004166666666663,-65
-3.004166666666663,-63
-3.004166666666663,-61
-3.004166666666663,-59
-3.004166666666663,-57
-3.004166666666663,-55
-3.004166666666663,-53
-3.004166666666663,-51
-3.004166666666663,-49
-3.004166666666663,-47
-3.004166666666663,13
-3.004166666666663,15
-3.004166666666663,17
-3.004166666666663,19
-3.004166666666663,21
-3.004166666666663,23
-3.004166666666663,25
-3.004166666666663,27
-3.004166666666663,29
-3.004166666666663,31
-3.004166666666663,33
-3.004166666666663,35
-3.004166666666663,37
-1.001388888888883,-77
-1.001388888888883,-75
-1.001388888888883,-73
-1.001388888888883,-71
-1.001388888888883,-69
-1.001388888888883,-67
-1.001388888888883,-65
-1.001388888888883,-63
-1.001388888888883,-61
-1.001388888888883,-59
-1.001388888888883,-57
-1.001388888888883,-55
-1.001388888888883,-53
-1.001388888888883,11
-1.001388888888883,13
-1.001388888888883,15
-1.001388888888883,17
-1.001388888888883,19
-1.001388888888883,21
-1.001388888888883,23
-1.001388888888883,25
-1.001388888888883,27
-1.001388888888883,29
-1.001388888888883,31
-1.001388888888883,35
-1.001388888888883,37
-1.001388888888883,39
-1.001388888888883,113
-1.001388888888883,115
1.001388888888883,-77
1.001388888888883,-75
1.001388888888883,-73
1.001388888888883,-71
1.001388888888883,-69
1.001388888888883,-67
1.001388888888883,-65
1.001388888888883,-63
1.001388888888883,-61
1.001388888888883,-59
1.001388888888883,-57
1.001388888888883,-55
1.001388888888883,-53
1.001388888888883,11
1.001388888888883,13
1.001388888888883,15
1.001388888888883,17
1.001388888888883,19
1.001388888888883,21
1.001388888888883,23
1.001388888888883,25
1.001388888888883,27
1.001388888888883,29
1.001388888888883,31
1.001388888888883,33
1.001388888888883,35
1.001388888888883,37
1.001388888888883,39
1.001388888888883,41
1.001388888888883,113
1.001388888888883,115
3.004166666666663,-75
3.004166666666663,-73
3.004166666666663,-71
3.004166666666663,-69
3.004166666666663,-67
3.004166666666663,-65
3.004166666666663,-63
3.004166666666663,-61
3.004166666666663,-59
3.004166666666663,-57
3.004166666666663,-55
3.004166666666663,-53
3.004166666666663,13
3.004166666666663,15
3.004166666666663,17
3.004166666666663,19
3.004166666666663,21
3.004166666666663,23
3.004166666666663,25
3.004166666666663,27
3.004166666666663,29
3.004166666666663,31
3.004166666666663,33
3.004166666666663,35
3.004166666666663,37
3.004166666666663,39
3.004166666666663,41
3.004166666666663,43
3.004166666666663,115
5.006944444444443,-75
5.006944444444443,-73
5.006944444444443,-71
5.006944444444443,-69
5.006944444444443,-67
5.006944444444443,-65
5.006944444444443,-63
5.006944444444443,-61
5.006944444444443,-59
5.006944444444443,11
5.006944444444443,13
5.006944444444443,15
5.006944444444443,17
5.006944444444443,19
5.006944444444443,21
5.006944444444443,23
5.006944444444443,25
5.006944444444443,27
5.006944444444443,29
5.006944444444443,31
5.006944444444443,33
5.006944444444443,35
5.006944444444443,37
5.006944444444443,39
5.006944444444443,41
5.006944444444443,43
5.006944444444443,45
7.009722222222223,-75
7.009722222222223,-73
7.009722222222223,-71
7.009722222222223,-69
7.009722222222223,-67
7.009722222222223,-65
7.009722222222223,-63
7.009722222222223,-61
7.009722222222223,-9
7.009722222222223,-7
7.009722222222223,-5
7.009722222222223,-3
7.009722222222223,-1
7.009722222222223,7
7.009722222222223,9
7.009722222222223,11
7.009722222222223,13
7.009722222222223,15
7.009722222222223,17
7.009722222222223,19
7.009722222222223,21
7.009722222222223,23
7.009722222222223,25
7.009722222222223,27
7.009722222222223,29
7.009722222222223,31
7.009722222222223,33
7.009722222222223,35
7.009722222222223,37
7.009722222222223,39
7.009722222222223,41
7.009722222222223,43
7.009722222222223,45
7.009722222222223,47
9.012500000000003,-73
9.012500000000003,-71
9.012500000000003,-69
9.012500000000003,-67
9.012500000000003,-11
9.012500000000003,-9
9.012500000000003,-7
9.012500000000003,-5
9.012500000000003,-3
9.012500000000003,-1
9.012500000000003,1
9.012500000000003,3
9.012500000000003,5
9.012500000000003,7
9.012500000000003,9
9.012500000000003,11
9.012500000000003,13
9.012500000000003,15
9.012500000000003,17
9.012500000000003,19
9.012500000000003,21
9.012500000000003,23
9.012500000000003,25
9.012500000000003,27
9.012500000000003,29
9.012500000000003,31
9.012500000000003,33
9.012500000000003,35
9.012500000000003,37
9.012500000000003,39
9.012500000000003,41
9.012500000000003,43
9.012500000000003,45
9.012500000000003,47
9.012500000000003,49
11.01527777777778,-13
11.01527777777778,-11
11.01527777777778,-9
11.01527777777778,-7
11.01527777777778,-5
11.01527777777778,-3
11.01527777777778,-1
11.01527777777778,1
11.01527777777778,3
11.01527777777778,5
11.01527777777778,7
11.01527777777778,9
11.01527777777778,11
11.01527777777778,13
11.01527777777778,15
11.01527777777778,17
11.01527777777778,19
11.01527777777778,21
11.01527777777778,23
11.01527777777778,25
11.01527777777778,27
11.01527777777778,29
11.01527777777778,31
11.01527777777778,33
11.01527777777778,35
11.01527777777778,37
11.01527777777778,39
11.01527777777778,41
13.01805555555555,-85
13.01805555555555,-15
13.01805555555555,-13
13.01805555555555,-11
13.01805555555555,-9
13.01805555555555,-7
13.01805555555555,-5
13.01805555555555,-3
13.01805555555555,-1
13.01805555555555,1
13.01805555555555,3
13.01805555555555,5
13.01805555555555,7
13.01805555555555,9
13.01805555555555,11
13.01805555555555,13
13.01805555555555,15
13.01805555555555,17
13.01805555555555,19
13.01805555555555,21
13.01805555555555,23
13.01805555555555,25
13.01805555555555,27
13.01805555555555,29
13.01805555555555,31
13.01805555555555,33
13.01805555555555,35
13.01805555555555,37
13.01805555555555,39
13.01805555555555,77
13.01805555555555,79
13.01805555555555,105
13.01805555555555,107
15.02083333333333,-15
15.02083333333333,-13
15.02083333333333,-11
15.02083333333333,-9
15.02083333333333,-7
15.02083333333333,-5
15.02083333333333,-3
15.02083333333333,-1
15.02083333333333,1
15.02083333333333,3
15.02083333333333,5
15.02083333333333,7
15.02083333333333,9
15.02083333333333,11
15.02083333333333,13
15.02083333333333,15
15.02083333333333,17
15.02083333333333,19
15.02083333333333,21
15.02083333333333,23
15.02083333333333,25
15.02083333333333,27
15.02083333333333,29
15.02083333333333,31
15.02083333333333,33
15.02083333333333,35
15.02083333333333,37
15.02083333333333,45
15.02083333333333,47
15.02083333333333,77
15.02083333333333,79
15.02083333333333,101
15.02083333333333,103
15.02083333333333,105
15.02083333333333,107
17.02361111111111,-91
17.02361111111111,-15
17.02361111111111,-13
17.02361111111111,-11
17.02361111111111,-9
17.02361111111111,-7
17.02361111111111,-5
17.02361111111111,-3
17.02361111111111,-1
17.02361111111111,1
17.02361111111111,3
17.02361111111111,5
17.02361111111111,7
17.02361111111111,9
17.02361111111111,11
17.02361111111111,13
17.02361111111111,15
17.02361111111111,17
17.02361111111111,19
17.02361111111111,21
17.02361111111111,23
17.02361111111111,25
17.02361111111111,27
17.02361111111111,29
17.02361111111111,31
17.02361111111111,33
17.02361111111111,35
17.02361111111111,37
17.02361111111111,45
17.02361111111111,47
17.02361111111111,49
17.02361111111111,51
17.02361111111111,75
17.02361111111111,77
17.02361111111111,79
17.02361111111111,99
17.02361111111111,101
17.02361111111111,103
17.02361111111111,105
19.02638888888889,-101
19.02638888888889,-99
19.02638888888889,-89
19.02638888888889,-15
19.02638888888889,-13
19.02638888888889,-11
19.02638888888889,-9
19.02638888888889,-7
19.02638888888889,-5
19.02638888888889,-3
19.02638888888889,-1
19.02638888888889,1
19.02638888888889,3
19.02638888888889,5
19.02638888888889,7
19.02638888888889,9
19.02638888888889,11
19.02638888888889,13
19.02638888888889,15
19.02638888888889,17
19.02638888888889,19
19.02638888888889,21
19.02638888888889,23
19.02638888888889,25
19.02638888888889,27
19.02638888888889,29
19.02638888888889,31
19.02638888888889,33
19.02638888888889,35
19.02638888888889,43
19.02638888888889,45
19.02638888888889,47
19.02638888888889,49
19.02638888888889,51
19.02638888888889,53
19.02638888888889,55
19.02638888888889,75
19.02638888888889,77
19.02638888888889,79
19.02638888888889,81
19.02638888888889,97
19.02638888888889,99
19.02638888888889,101
19.02638888888889,103
21.02916666666667,-103
21.02916666666667,-101
21.02916666666667,-99
21.02916666666667,-15
21.02916666666667,-13
21.02916666666667,-11
21.02916666666667,-9
21.02916666666667,-7
21.02916666666667,-5
21.02916666666667,-3
21.02916666666667,-1
21.02916666666667,1
21.02916666666667,3
21.02916666666667,5
21.02916666666667,7
21.02916666666667,9
21.02916666666667,11
21.02916666666667,13
21.02916666666667,15
21.02916666666667,17
21.02916666666667,19
21.02916666666667,21
21.02916666666667,23
21.02916666666667,25
21.02916666666667,27
21.02916666666667,29
21.02916666666667,31
21.02916666666667,33
21.02916666666667,35
21.02916666666667,43
21.02916666666667,45
21.02916666666667,47
21.02916666666667,49
21.02916666666667,51
21.02916666666667,53
21.02916666666667,55
21.02916666666667,57
21.02916666666667,75
21.02916666666667,77
21.02916666666667,79
21.02916666666667,81
21.02916666666667,83
21.02916666666667,85
21.02916666666667,95
21.02916666666667,97
21.02916666666667,99
21.02916666666667,101
21.02916666666667,103
21.02916666666667,105
23.03194444444445,-103
23.03194444444445,-101
23.03194444444445,-99
23.03194444444445,-13
23.03194444444445,-11
23.03194444444445,-9
23.03194444444445,-7
23.03194444444445,-5
23.03194444444445,-3
23.03194444444445,-1
23.03194444444445,1
23.03194444444445,3
23.03194444444445,5
23.03194444444445,7
23.03194444444445,9
23.03194444444445,11
23.03194444444445,13
23.03194444444445,15
23.03194444444445,17
23.03194444444445,19
23.03194444444445,21
23.03194444444445,23
23.03194444444445,25
23.03194444444445,27
23.03194444444445,29
23.03194444444445,31
23.03194444444445,33
23.03194444444445,41
23.03194444444445,43
23.03194444444445,45
23.03194444444445,47
23.03194444444445,49
23.03194444444445,55
23.03194444444445,73
23.03194444444445,75
23.03194444444445,77
23.03194444444445,79
23.03194444444445,81
23.03194444444445,83
23.03194444444445,85
23.03194444444445,87
23.03194444444445,89
23.03194444444445,95
23.03194444444445,97
23.03194444444445,99
23.03194444444445,101
23.03194444444445,103
23.03194444444445,105
23.03194444444445,107
23.03194444444445,109
23.03194444444445,111
25.03472222222223,-105
25.03472222222223,-103
25.03472222222223,-101
25.03472222222223,-99
25.03472222222223,-13
25.03472222222223,-11
25.03472222222223,-9
25.03472222222223,-7
25.03472222222223,-5
25.03472222222223,-3
25.03472222222223,-1
25.03472222222223,1
25.03472222222223,3
25.03472222222223,5
25.03472222222223,7
25.03472222222223,9
25.03472222222223,11
25.03472222222223,13
25.03472222222223,15
25.03472222222223,17
25.03472222222223,19
25.03472222222223,21
25.03472222222223,23
25.03472222222223,25
25.03472222222223,27
25.03472222222223,29
25.03472222222223,31
25.03472222222223,33
25.03472222222223,39
25.03472222222223,41
25.03472222222223,43
25.03472222222223,45
25.03472222222223,47
25.03472222222223,49
25.03472222222223,69
25.03472222222223,71
25.03472222222223,73
25.03472222222223,75
25.03472222222223,77
25.03472222222223,79
25.03472222222223,81
25.03472222222223,83
25.03472222222223,85
25.03472222222223,87
25.03472222222223,89
25.03472222222223,91
25.03472222222223,93
25.03472222222223,95
25.03472222222223,97
25.03472222222223,99
25.03472222222223,101
25.03472222222223,103
25.03472222222223,105
25.03472222222223,107
25.03472222222223,109
25.03472222222223,111
25.03472222222223,113
25.03472222222223,115
25.03472222222223,117
27.03749999999999,-107
27.03749999999999,-105
27.03749999999999,-103
27.03749999999999,-101
27.03749999999999,-99
27.03749999999999,-9
27.03749999999999,-7
27.03749999999999,-5
27.03749999999999,-3
27.03749999999999,-1
27.03749999999999,1
27.03749999999999,3
27.03749999999999,5
27.03749999999999,7
27.03749999999999,9
27.03749999999999,11
27.03749999999999,13
27.03749999999999,15
27.03749999999999,17
27.03749999999999,19
27.03749999999999,21
27.03749999999999,23
27.03749999999999,25
27.03749999999999,27
27.03749999999999,29
27.03749999999999,31
27.03749999999999,39
27.03749999999999,41
27.03749999999999,43
27.03749999999999,45
27.03749999999999,47
27.03749999999999,59
27.03749999999999,61
27.03749999999999,63
27.03749999999999,65
27.03749999999999,67
27.03749999999999,69
27.03749999999999,71
27.03749999999999,73
27.03749999999999,75
27.03749999999999,77
27.03749999999999,79
27.03749999999999,81
27.03749999999999,83
27.03749999999999,85
27.03749999999999,87
27.03749999999999,89
27.03749999999999,91
27.03749999999999,93
27.03749999999999,95
27.03749999999999,97
27.03749999999999,99
27.03749999999999,101
27.03749999999999,103
27.03749999999999,105
27.03749999999999,107
27.03749999999999,109
27.03749999999999,111
27.03749999999999,113
27.03749999999999,115
27.03749999999999,117
29.04027777777777,-109
29.04027777777777,-107
29.04027777777777,-105
29.04027777777777,-103
29.04027777777777,-101
29.04027777777777,-99
29.04027777777777,-7
29.04027777777777,-5
29.04027777777777,-3
29.04027777777777,-1
29.04027777777777,1
29.04027777777777,3
29.04027777777777,5
29.04027777777777,7
29.04027777777777,9
29.04027777777777,11
29.04027777777777,13
29.04027777777777,15
29.04027777777777,17
29.04027777777777,19
29.04027777777777,21
29.04027777777777,23
29.04027777777777,25
29.04027777777777,27
29.04027777777777,29
29.04027777777777,31
29.04027777777777,37
29.04027777777777,39
29.04027777777777,41
29.04027777777777,43
29.04027777777777,45
29.04027777777777,53
29.04027777777777,55
29.04027777777777,57
29.04027777777777,59
29.04027777777777,61
29.04027777777777,63
29.04027777777777,65
29.04027777777777,67
29.04027777777777,69
29.04027777777777,71
29.04027777777777,73
29.04027777777777,75
29.04027777777777,77
29.04027777777777,79
29.04027777777777,81
29.04027777777777,83
29.04027777777777,85
29.04027777777777,87
29.04027777777777,89
29.04027777777777,91
29.04027777777777,93
29.04027777777777,95
29.04027777777777,97
29.04027777777777,99
29.04027777777777,101
29.04027777777777,103
29.04027777777777,105
29.04027777777777,107
29.04027777777777,109
29.04027777777777,111
29.04027777777777,113
29.04027777777777,115
29.04027777777777,117
29.04027777777777,119
31.04305555555555,-111
31.04305555555555,-109
31.04305555555555,-107
31.04305555555555,-105
31.04305555555555,-103
31.04305555555555,-101
31.04305555555555,-99
31.04305555555555,-97
31.04305555555555,-95
31.04305555555555,-93
31.04305555555555,-7
31.04305555555555,-5
31.04305555555555,-3
31.04305555555555,-1
31.04305555555555,1
31.04305555555555,3
31.04305555555555,5
31.04305555555555,7
31.04305555555555,9
31.04305555555555,11
31.04305555555555,13
31.04305555555555,23
31.04305555555555,37
31.04305555555555,39
31.04305555555555,41
31.04305555555555,43
31.04305555555555,45
31.04305555555555,47
31.04305555555555,53
31.04305555555555,55
31.04305555555555,57
31.04305555555555,59
31.04305555555555,61
31.04305555555555,63
31.04305555555555,65
31.04305555555555,67
31.04305555555555,69
31.04305555555555,71
31.04305555555555,73
31.04305555555555,75
31.04305555555555,77
31.04305555555555,79
31.04305555555555,81
31.04305555555555,83
31.04305555555555,85
31.04305555555555,87
31.04305555555555,89
31.04305555555555,91
31.04305555555555,93
31.04305555555555,95
31.04305555555555,97
31.04305555555555,99
31.04305555555555,101
31.04305555555555,103
31.04305555555555,105
31.04305555555555,107
31.04305555555555,109
31.04305555555555,111
31.04305555555555,113
31.04305555555555,115
31.04305555555555,117
31.04305555555555,119
33.04583333333333,-115
33.04583333333333,-113
33.04583333333333,-111
33.04583333333333,-109
33.04583333333333,-107
33.04583333333333,-105
33.04583333333333,-103
33.04583333333333,-101
33.04583333333333,-99
33.04583333333333,-97
33.04583333333333,-95
33.04583333333333,-93
33.04583333333333,-91
33.04583333333333,-89
33.04583333333333,-87
33.04583333333333,-85
33.04583333333333,-83
33.04583333333333,-5
33.04583333333333,-3
33.04583333333333,-1
33.04583333333333,1
33.04583333333333,3
33.04583333333333,5
33.04583333333333,7
33.04583333333333,9
33.04583333333333,37
33.04583333333333,39
33.04583333333333,41
33.04583333333333,43
33.04583333333333,45
33.04583333333333,47
33.04583333333333,49
33.04583333333333,51
33.04583333333333,53
33.04583333333333,55
33.04583333333333,57
33.04583333333333,59
33.04583333333333,61
33.04583333333333,63
33.04583333333333,65
33.04583333333333,67
33.04583333333333,69
33.04583333333333,71
33.04583333333333,73
33.04583333333333,75
33.04583333333333,77
33.04583333333333,79
33.04583333333333,81
33.04583333333333,83
33.04583333333333,85
33.04583333333333,87
33.04583333333333,89
33.04583333333333,91
33.04583333333333,93
33.04583333333333,95
33.04583333333333,97
33.04583333333333,99
33.04583333333333,101
33.04583333333333,103
33.04583333333333,105
33.04583333333333,107
33.04583333333333,109
33.04583333333333,111
33.04583333333333,113
33.04583333333333,115
33.04583333333333,117
33.04583333333333,119
35.04861111111111,-117
35.04861111111111,-115
35.04861111111111,-113
35.04861111111111,-111
35.04861111111111,-109
35.04861111111111,-107
35.04861111111111,-105
35.04861111111111,-103
35.04861111111111,-101
35.04861111111111,-99
35.04861111111111,-97
35.04861111111111,-95
35.04861111111111,-93
35.04861111111111,-91
35.04861111111111,-89
35.04861111111111,-87
35.04861111111111,-85
35.04861111111111,-83
35.04861111111111,-81
35.04861111111111,-79
35.04861111111111,3
35.04861111111111,5
35.04861111111111,7
35.04861111111111,9
35.04861111111111,39
35.04861111111111,41
35.04861111111111,43
35.04861111111111,45
35.04861111111111,47
35.04861111111111,49
35.04861111111111,51
35.04861111111111,53
35.04861111111111,55
35.04861111111111,57
35.04861111111111,59
35.04861111111111,61
35.04861111111111,63
35.04861111111111,65
35.04861111111111,67
35.04861111111111,69
35.04861111111111,71
35.04861111111111,73
35.04861111111111,75
35.04861111111111,77
35.04861111111111,79
35.04861111111111,81
35.04861111111111,83
35.04861111111111,85
35.04861111111111,87
35.04861111111111,89
35.04861111111111,91
35.04861111111111,93
35.04861111111111,95
35.04861111111111,97
35.04861111111111,99
35.04861111111111,101
35.04861111111111,103
35.04861111111111,105
35.04861111111111,107
35.04861111111111,109
35.04861111111111,111
35.04861111111111,113
35.04861111111111,115
35.04861111111111,117
37.05138888888889,-119
37.05138888888889,-117
37.05138888888889,-115
37.05138888888889,-113
37.05138888888889,-111
37.05138888888889,-109
37.05138888888889,-107
37.05138888888889,-105
37.05138888888889,-103
37.05138888888889,-101
37.05138888888889,-99
37.05138888888889,-97
37.05138888888889,-95
37.05138888888889,-93
37.05138888888889,-91
37.05138888888889,-89
37.05138888888889,-87
37.05138888888889,-85
37.05138888888889,-83
37.05138888888889,-81
37.05138888888889,-79
37.05138888888889,39
37.05138888888889,41
37.05138888888889,43
37.05138888888889,45
37.05138888888889,47
37.05138888888889,57
37.05138888888889,59
37.05138888888889,61
37.05138888888889,63
37.05138888888889,65
37.05138888888889,67
37.05138888888889,69
37.05138888888889,71
37.05138888888889,73
37.05138888888889,75
37.05138888888889,77
37.05138888888889,79
37.05138888888889,81
37.05138888888889,83
37.05138888888889,85
37.05138888888889,87
37.05138888888889,89
37.05138888888889,91
37.05138888888889,93
37.05138888888889,95
37.05138888888889,97
37.05138888888889,99
37.05138888888889,101
37.05138888888889,103
37.05138888888889,105
37.05138888888889,107
37.05138888888889,109
37.05138888888889,111
37.05138888888889,113
37.05138888888889,115
37.05138888888889,117
39.05416666666667,-121
39.05416666666667,-119
39.05416666666667,-117
39.05416666666667,-115
39.05416666666667,-113
39.05416666666667,-111
39.05416666666667,-109
39.05416666666667,-107
39.05416666666667,-105
39.05416666666667,-103
39.05416666666667,-101
39.05416666666667,-99
39.05416666666667,-97
39.05416666666667,-95
39.05416666666667,-93
39.05416666666667,-91
39.05416666666667,-89
39.05416666666667,-87
39.05416666666667,-85
39.05416666666667,-83
39.05416666666667,-81
39.05416666666667,-79
39.05416666666667,-7
39.05416666666667,-5
39.05416666666667,-3
39.05416666666667,29
39.05416666666667,31
39.05416666666667,33
39.05416666666667,35
39.05416666666667,37
39.05416666666667,39
39.05416666666667,41
39.05416666666667,43
39.05416666666667,45
39.05416666666667,47
39.05416666666667,57
39.05416666666667,59
39.05416666666667,61
39.05416666666667,63
39.05416666666667,65
39.05416666666667,67
39.05416666666667,69
39.05416666666667,71
39.05416666666667,73
39.05416666666667,75
39.05416666666667,77
39.05416666666667,79
39.05416666666667,81
39.05416666666667,83
39.05416666666667,85
39.05416666666667,87
39.05416666666667,89
39.05416666666667,91
39.05416666666667,93
39.05416666666667,95
39.05416666666667,97
39.05416666666667,99
39.05416666666667,101
39.05416666666667,103
39.05416666666667,105
39.05416666666667,107
39.05416666666667,109
39.05416666666667,111
39.05416666666667,113
39.05416666666667,115
41.05694444444444,-123
41.05694444444444,-121
41.05694444444444,-119
41.05694444444444,-117
41.05694444444444,-115
41.05694444444444,-113
41.05694444444444,-111
41.05694444444444,-109
41.05694444444444,-107
41.05694444444444,-105
41.05694444444444,-103
41.05694444444444,-101
41.05694444444444,-99
41.05694444444444,-97
41.05694444444444,-95
41.05694444444444,-93
41.05694444444444,-91
41.05694444444444,-89
41.05694444444444,-85
41.05694444444444,-79
41.05694444444444,-77
41.05694444444444,-75
41.05694444444444,-7
41.05694444444444,-5
41.05694444444444,-3
41.05694444444444,-1
41.05694444444444,21
41.05694444444444,43
41.05694444444444,45
41.05694444444444,47
41.05694444444444,57
41.05694444444444,59
41.05694444444444,61
41.05694444444444,63
41.05694444444444,65
41.05694444444444,67
41.05694444444444,69
41.05694444444444,71
41.05694444444444,73
41.05694444444444,75
41.05694444444444,77
41.05694444444444,79
41.05694444444444,81
41.05694444444444,83
41.05694444444444,85
41.05694444444444,87
41.05694444444444,89
41.05694444444444,91
41.05694444444444,93
41.05694444444444,95
41.05694444444444,97
41.05694444444444,99
41.05694444444444,101
41.05694444444444,103
41.05694444444444,105
41.05694444444444,107
41.05694444444444,109
41.05694444444444,111
41.05694444444444,113
41.05694444444444,115
41.05694444444444,117
41.05694444444444,119
41.05694444444444,125
41.05694444444444,127
43.05972222222223,-123
43.05972222222223,-121
43.05972222222223,-119
43.05972222222223,-117
43.05972222222223,-115
43.05972222222223,-113
43.05972222222223,-111
43.05972222222223,-109
43.05972222222223,-107
43.05972222222223,-105
43.05972222222223,-103
43.05972222222223,-101
43.05972222222223,-99
43.05972222222223,-97
43.05972222222223,-95
43.05972222222223,-93
43.05972222222223,-91
43.05972222222223,-89
43.05972222222223,-85
43.05972222222223,-73
43.05972222222223,1
43.05972222222223,21
43.05972222222223,23
43.05972222222223,25
43.05972222222223,43
43.05972222222223,45
43.05972222222223,55
43.05972222222223,57
43.05972222222223,59
43.05972222222223,61
43.05972222222223,63
43.05972222222223,65
43.05972222222223,67
43.05972222222223,69
43.05972222222223,71
43.05972222222223,73
43.05972222222223,75
43.05972222222223,77
43.05972222222223,79
43.05972222222223,81
43.05972222222223,83
43.05972222222223,85
43.05972222222223,87
43.05972222222223,89
43.05972222222223,91
43.05972222222223,93
43.05972222222223,95
43.05972222222223,97
43.05972222222223,99
43.05972222222223,101
43.05972222222223,103
43.05972222222223,105
43.05972222222223,107
43.05972222222223,109
43.05972222222223,111
43.05972222222223,113
43.05972222222223,115
43.05972222222223,117
43.05972222222223,119
43.05972222222223,121
43.05972222222223,123
43.05972222222223,125
43.05972222222223,127
43.05972222222223,129
45.0625,-121
45.0625,-119
45.0625,-117
45.0625,-115
45.0625,-113
45.0625,-111
45.0625,-109
45.0625,-107
45.0625,-105
45.0625,-103
45.0625,-101
45.0625,-99
45.0625,-97
45.0625,-95
45.0625,-93
45.0625,-91
45.0625,-89
45.0625,-75
45.0625,-73
45.0625,-71
45.0625,1
45.0625,3
45.0625,5
45.0625,7
45.0625,11
45.0625,17
45.0625,19
45.0625,21
45.0625,23
45.0625,25
45.0625,27
45.0625,41
45.0625,43
45.0625,45
45.0625,55
45.0625,57
45.0625,59
45.0625,61
45.0625,63
45.0625,65
45.0625,67
45.0625,69
45.0625,71
45.0625,73
45.0625,75
45.0625,77
45.0625,79
45.0625,81
45.0625,83
45.0625,85
45.0625,87
45.0625,89
45.0625,91
45.0625,93
45.0625,95
45.0625,97
45.0625,99
45.0625,101
45.0625,103
45.0625,105
45.0625,107
45.0625,109
45.0625,111
45.0625,113
45.0625,115
45.0625,117
45.0625,119
45.0625,121
45.0625,123
45.0625,125
45.0625,127
45.0625,129
45.0625,131
45.0625,133
47.06527777777777,-121
47.06527777777777,-119
47.06527777777777,-117
47.06527777777777,-115
47.06527777777777,-113
47.06527777777777,-111
47.06527777777777,-109
47.06527777777777,-107
47.06527777777777,-105
47.06527777777777,-103
47.06527777777777,-101
47.06527777777777,-99
47.06527777777777,-97
47.06527777777777,-95
47.06527777777777,-93
47.06527777777777,-81
47.06527777777777,-79
47.06527777777777,-77
47.06527777777777,-75
47.06527777777777,-73
47.06527777777777,-71
47.06527777777777,-67
47.06527777777777,1
47.06527777777777,3
47.06527777777777,5
47.06527777777777,7
47.06527777777777,9
47.06527777777777,11
47.06527777777777,13
47.06527777777777,15
47.06527777777777,17
47.06527777777777,19
47.06527777777777,21
47.06527777777777,23
47.06527777777777,25
47.06527777777777,27
47.06527777777777,29
47.06527777777777,41
47.06527777777777,43
47.06527777777777,45
47.06527777777777,47
47.06527777777777,55
47.06527777777777,57
47.06527777777777,59
47.06527777777777,61
47.06527777777777,63
47.06527777777777,65
47.06527777777777,67
47.06527777777777,69
47.06527777777777,71
47.06527777777777,73
47.06527777777777,75
47.06527777777777,77
47.06527777777777,79
47.06527777777777,81
47.06527777777777,83
47.06527777777777,85
47.06527777777777,87
47.06527777777777,89
47.06527777777777,91
47.06527777777777,93
47.06527777777777,95
47.06527777777777,97
47.06527777777777,99
47.06527777777777,101
47.06527777777777,103
47.06527777777777,105
47.06527777777777,107
47.06527777777777,109
47.06527777777777,111
47.06527777777777,113
47.06527777777777,115
47.06527777777777,117
47.06527777777777,119
47.06527777777777,121
47.06527777777777,123
47.06527777777777,125
47.06527777777777,127
47.06527777777777,129
47.06527777777777,131
47.06527777777777,133
47.06527777777777,135
47.06527777777777,137
49.06805555555556,-121
49.06805555555556,-119
49.06805555555556,-117
49.06805555555556,-115
49.06805555555556,-113
49.06805555555556,-111
49.06805555555556,-109
49.06805555555556,-107
49.06805555555556,-105
49.06805555555556,-103
49.06805555555556,-101
49.06805555555556,-99
49.06805555555556,-97
49.06805555555556,-95
49.06805555555556,-93
49.06805555555556,-91
49.06805555555556,-83
49.06805555555556,-81
49.06805555555556,-79
49.06805555555556,-77
49.06805555555556,-75
49.06805555555556,-73
49.06805555555556,-71
49.06805555555556,3
49.06805555555556,5
49.06805555555556,7
49.06805555555556,9
49.06805555555556,11
49.06805555555556,13
49.06805555555556,15
49.06805555555556,17
49.06805555555556,19
49.06805555555556,21
49.06805555555556,23
49.06805555555556,25
49.06805555555556,27
49.06805555555556,29
49.06805555555556,31
49.06805555555556,33
49.06805555555556,35
49.06805555555556,37
49.06805555555556,39
49.06805555555556,41
49.06805555555556,43
49.06805555555556,45
49.06805555555556,47
49.06805555555556,49
49.06805555555556,51
49.06805555555556,53
49.06805555555556,55
49.06805555555556,57
49.06805555555556,59
49.06805555555556,61
49.06805555555556,63
49.06805555555556,65
49.06805555555556,67
49.06805555555556,69
49.06805555555556,71
49.06805555555556,73
49.06805555555556,75
49.06805555555556,77
49.06805555555556,79
49.06805555555556,81
49.06805555555556,83
49.06805555555556,85
49.06805555555556,87
49.06805555555556,89
49.06805555555556,91
49.06805555555556,93
49.06805555555556,95
49.06805555555556,97
49.06805555555556,99
49.06805555555556,101
49.06805555555556,103
49.06805555555556,105
49.06805555555556,107
49.06805555555556,109
49.06805555555556,111
49.06805555555556,113
49.06805555555556,115
49.06805555555556,117
49.06805555555556,119
49.06805555555556,121
49.06805555555556,123
49.06805555555556,125
49.06805555555556,127
49.06805555555556,129
49.06805555555556,131
49.06805555555556,133
49.06805555555556,135
49.06805555555556,137
51.07083333333333,-125
51.07083333333333,-123
51.07083333333333,-121
51.07083333333333,-119
51.07083333333333,-117
51.07083333333333,-115
51.07083333333333,-113
51.07083333333333,-111
51.07083333333333,-109
51.07083333333333,-107
51.07083333333333,-105
51.07083333333333,-103
51.07083333333333,-101
51.07083333333333,-99
51.07083333333333,-97
51.07083333333333,-95
51.07083333333333,-93
51.07083333333333,-91
51.07083333333333,-89
51.07083333333333,-87
51.07083333333333,-85
51.07083333333333,-83
51.07083333333333,-77
51.07083333333333,-75
51.07083333333333,-73
51.07083333333333,-71
51.07083333333333,-69
51.07083333333333,7
51.07083333333333,9
51.07083333333333,11
51.07083333333333,13
51.07083333333333,15
51.07083333333333,17
51.07083333333333,19
51.07083333333333,21
51.07083333333333,23
51.07083333333333,25
51.07083333333333,27
51.07083333333333,29
51.07083333333333,31
51.07083333333333,33
51.07083333333333,35
51.07083333333333,37
51.07083333333333,39
51.07083333333333,41
51.07083333333333,43
51.07083333333333,45
51.07083333333333,47
51.07083333333333,49
51.07083333333333,51
51.07083333333333,53
51.07083333333333,55
51.07083333333333,57
51.07083333333333,59
51.07083333333333,61
51.07083333333333,63
51.07083333333333,65
51.07083333333333,67
51.07083333333333,69
51.07083333333333,71
51.07083333333333,73
51.07083333333333,75
51.07083333333333,77
51.07083333333333,79
51.07083333333333,81
51.07083333333333,83
51.07083333333333,85
51.07083333333333,87
51.07083333333333,89
51.07083333333333,91
51.07083333333333,93
51.07083333333333,95
51.07083333333333,97
51.07083333333333,99
51.07083333333333,101
51.07083333333333,103
51.07083333333333,105
51.07083333333333,107
51.07083333333333,109
51.07083333333333,111
51.07083333333333,113
51.07083333333333,115
51.07083333333333,117
51.07083333333333,119
51.07083333333333,121
51.07083333333333,123
51.07083333333333,125
51.07083333333333,127
51.07083333333333,129
51.07083333333333,131
51.07083333333333,133
51.07083333333333,135
51.07083333333333,137
51.07083333333333,139
53.07361111111112,-127
53.07361111111112,-125
53.07361111111112,-123
53.07361111111112,-121
53.07361111111112,-119
53.07361111111112,-117
53.07361111111112,-115
53.07361111111112,-113
53.07361111111112,-111
53.07361111111112,-109
53.07361111111112,-107
53.07361111111112,-105
53.07361111111112,-103
53.07361111111112,-101
53.07361111111112,-99
53.07361111111112,-97
53.07361111111112,-95
53.07361111111112,-93
53.07361111111112,-91
53.07361111111112,-89
53.07361111111112,-87
53.07361111111112,-85
53.07361111111112,-77
53.07361111111112,-75
53.07361111111112,-73
53.07361111111112,-71
53.07361111111112,-69
53.07361111111112,-67
53.07361111111112,-65
53.07361111111112,-63
53.07361111111112,-61
53.07361111111112,-59
53.07361111111112,-1
53.07361111111112,17
53.07361111111112,19
53.07361111111112,21
53.07361111111112,23
53.07361111111112,25
53.07361111111112,27
53.07361111111112,29
53.07361111111112,31
53.07361111111112,33
53.07361111111112,35
53.07361111111112,37
53.07361111111112,39
53.07361111111112,41
53.07361111111112,43
53.07361111111112,45
53.07361111111112,47
53.07361111111112,49
53.07361111111112,51
53.07361111111112,53
53.07361111111112,55
53.07361111111112,57
53.07361111111112,59
53.07361111111112,61
53.07361111111112,63
53.07361111111112,65
53.07361111111112,67
53.07361111111112,69
53.07361111111112,71
53.07361111111112,73
53.07361111111112,75
53.07361111111112,77
53.07361111111112,79
53.07361111111112,81
53.07361111111112,83
53.07361111111112,85
53.07361111111112,87
53.07361111111112,89
53.07361111111112,91
53.07361111111112,93
53.07361111111112,95
53.07361111111112,97
53.07361111111112,99
53.07361111111112,101
53.07361111111112,103
53.07361111111112,105
53.07361111111112,107
53.07361111111112,109
53.07361111111112,111
53.07361111111112,113
53.07361111111112,115
53.07361111111112,117
53.07361111111112,119
53.07361111111112,121
53.07361111111112,123
53.07361111111112,125
53.07361111111112,127
53.07361111111112,129
53.07361111111112,131
53.07361111111112,133
53.07361111111112,135
55.07638888888889,-129
55.07638888888889,-127
55.07638888888889,-125
55.07638888888889,-123
55.07638888888889,-121
55.07638888888889,-119
55.07638888888889,-117
55.07638888888889,-115
55.07638888888889,-113
55.07638888888889,-111
55.07638888888889,-109
55.07638888888889,-107
55.07638888888889,-105
55.07638888888889,-103
55.07638888888889,-101
55.07638888888889,-99
55.07638888888889,-97
55.07638888888889,-95
55.07638888888889,-93
55.07638888888889,-91
55.07638888888889,-89
55.07638888888889,-75
55.07638888888889,-73
55.07638888888889,-71
55.07638888888889,-69
55.07638888888889,-67
55.07638888888889,-65
55.07638888888889,-63
55.07638888888889,23
55.07638888888889,25
55.07638888888889,27
55.07638888888889,29
55.07638888888889,31
55.07638888888889,33
55.07638888888889,35
55.07638888888889,37
55.07638888888889,39
55.07638888888889,41
55.07638888888889,43
55.07638888888889,45
55.07638888888889,47
55.07638888888889,49
55.07638888888889,51
55.07638888888889,53
55.07638888888889,55
55.07638888888889,57
55.07638888888889,59
55.07638888888889,61
55.07638888888889,63
55.07638888888889,65
55.07638888888889,67
55.07638888888889,69
55.07638888888889,71
55.07638888888889,73
55.07638888888889,75
55.07638888888889,77
55.07638888888889,79
55.07638888888889,81
55.07638888888889,83
55.07638888888889,85
55.07638888888889,87
55.07638888888889,89
55.07638888888889,91
55.07638888888889,93
55.07638888888889,95
55.07638888888889,97
55.07638888888889,99
55.07638888888889,101
55.07638888888889,103
55.07638888888889,105
55.07638888888889,107
55.07638888888889,109
55.07638888888889,111
55.07638888888889,113
55.07638888888889,115
55.07638888888889,117
55.07638888888889,119
55.07638888888889,121
55.07638888888889,123
55.07638888888889,125
55.07638888888889,127
55.07638888888889,129
55.07638888888889,131
55.07638888888889,133
55.07638888888889,159
57.07916666666668,-131
57.07916666666668,-129
57.07916666666668,-127
57.07916666666668,-125
57.07916666666668,-123
57.07916666666668,-121
57.07916666666668,-119
57.07916666666668,-117
57.07916666666668,-115
57.07916666666668,-113
57.07916666666668,-111
57.07916666666668,-109
57.07916666666668,-107
57.07916666666668,-105
57.07916666666668,-103
57.07916666666668,-101
57.07916666666668,-99
57.07916666666668,-97
57.07916666666668,-95
57.07916666666668,-75
57.07916666666668,-73
57.07916666666668,-71
57.07916666666668,-69
57.07916666666668,-67
57.07916666666668,-65
57.07916666666668,27
57.07916666666668,29
57.07916666666668,31
57.07916666666668,33
57.07916666666668,35
57.07916666666668,37
57.07916666666668,39
57.07916666666668,41
57.07916666666668,43
57.07916666666668,45
57.07916666666668,47
57.07916666666668,49
57.07916666666668,51
57.07916666666668,53
57.07916666666668,55
57.07916666666668,57
57.07916666666668,59
57.07916666666668,61
57.07916666666668,63
57.07916666666668,65
57.07916666666668,67
57.07916666666668,69
57.07916666666668,71
57.07916666666668,73
57.07916666666668,75
57.07916666666668,77
57.07916666666668,79
57.07916666666668,81
57.07916666666668,83
57.07916666666668,85
57.07916666666668,87
57.07916666666668,89
57.07916666666668,91
57.07916666666668,93
57.07916666666668,95
57.07916666666668,97
57.07916666666668,99
57.07916666666668,101
57.07916666666668,103
57.07916666666668,105
57.07916666666668,107
57.07916666666668,109
57.07916666666668,111
57.07916666666668,113
57.07916666666668,115
57.07916666666668,117
57.07916666666668,119
57.07916666666668,121
57.07916666666668,123
57.07916666666668,125
57.07916666666668,127
57.07916666666668,129
57.07916666666668,131
57.07916666666668,133
57.07916666666668,135
57.07916666666668,161
59.08194444444445,-135
59.08194444444445,-133
59.08194444444445,-131
59.08194444444445,-129
59.08194444444445,-127
59.08194444444445,-125
59.08194444444445,-123
59.08194444444445,-121
59.08194444444445,-119
59.08194444444445,-117
59.08194444444445,-115
59.08194444444445,-113
59.08194444444445,-111
59.08194444444445,-109
59.08194444444445,-107
59.08194444444445,-105
59.08194444444445,-103
59.08194444444445,-101
59.08194444444445,-99
59.08194444444445,-97
59.08194444444445,-75
59.08194444444445,-73
59.08194444444445,-71
59.08194444444445,13
59.08194444444445,15
59.08194444444445,33
59.08194444444445,35
59.08194444444445,37
59.08194444444445,39
59.08194444444445,41
59.08194444444445,43
59.08194444444445,45
59.08194444444445,47
59.08194444444445,49
59.08194444444445,51
59.08194444444445,53
59.08194444444445,55
59.08194444444445,57
59.08194444444445,59
59.08194444444445,61
59.08194444444445,63
59.08194444444445,65
59.08194444444445,67
59.08194444444445,69
59.08194444444445,71
59.08194444444445,73
59.08194444444445,75
59.08194444444445,77
59.08194444444445,79
59.08194444444445,81
59.08194444444445,83
59.08194444444445,85
59.08194444444445,87
59.08194444444445,89
59.08194444444445,91
59.08194444444445,93
59.08194444444445,95
59.08194444444445,97
59.08194444444445,99
59.08194444444445,101
59.08194444444445,103
59.08194444444445,105
59.08194444444445,107
59.08194444444445,109
59.08194444444445,111
59.08194444444445,113
59.08194444444445,115
59.08194444444445,117
59.08194444444445,119
59.08194444444445,121
59.08194444444445,123
59.08194444444445,125
59.08194444444445,127
59.08194444444445,129
59.08194444444445,131
59.08194444444445,133
59.08194444444445,135
59.08194444444445,137
59.08194444444445,139
61.08472222222221,-163
61.08472222222221,-161
61.08472222222221,-159
61.08472222222221,-157
61.08472222222221,-155
61.08472222222221,-149
61.08472222222221,-141
61.08472222222221,-139
61.08472222222221,-137
61.08472222222221,-135
61.08472222222221,-133
61.08472222222221,-131
61.08472222222221,-129
61.08472222222221,-127
61.08472222222221,-125
61.08472222222221,-123
61.08472222222221,-121
61.08472222222221,-119
61.08472222222221,-117
61.08472222222221,-115
61.08472222222221,-113
61.08472222222221,-111
61.08472222222221,-109
61.08472222222221,-107
61.08472222222221,-105
61.08472222222221,-103
61.08472222222221,-101
61.08472222222221,-99
61.08472222222221,-97
61.08472222222221,9
61.08472222222221,11
61.08472222222221,13
61.08472222222221,15
61.08472222222221,35
61.08472222222221,37
61.08472222222221,39
61.08472222222221,41
61.08472222222221,43
61.08472222222221,45
61.08472222222221,47
61.08472222222221,49
61.08472222222221,51
61.08472222222221,53
61.08472222222221,55
61.08472222222221,57
61.08472222222221,59
61.08472222222221,61
61.08472222222221,63
61.08472222222221,65
61.08472222222221,67
61.08472222222221,69
61.08472222222221,71
61.08472222222221,73
61.08472222222221,75
61.08472222222221,77
61.08472222222221,79
61.08472222222221,81
61.08472222222221,83
61.08472222222221,85
61.08472222222221,87
61.08472222222221,89
61.08472222222221,91
61.08472222222221,93
61.08472222222221,95
61.08472222222221,97
61.08472222222221,99
61.08472222222221,101
61.08472222222221,103
61.08472222222221,105
61.08472222222221,107
61.08472222222221,109
61.08472222222221,111
61.08472222222221,113
61.08472222222221,115
61.08472222222221,117
61.08472222222221,119
61.08472222222221,121
61.08472222222221,123
61.08472222222221,125
61.08472222222221,127
61.08472222222221,129
61.08472222222221,131
61.08472222222221,133
61.08472222222221,135
61.08472222222221,137
61.08472222222221,139
61.08472222222221,141
61.08472222222221,143
61.08472222222221,145
61.08472222222221,147
61.08472222222221,149
61.08472222222221,151
61.08472222222221,153
63.08750000000001,-159
63.08750000000001,-157
63.08750000000001,-155
63.08750000000001,-153
63.08750000000001,-151
63.08750000000001,-149
63.08750000000001,-147
63.08750000000001,-145
63.08750000000001,-143
63.08750000000001,-141
63.08750000000001,-139
63.08750000000001,-137
63.08750000000001,-135
63.08750000000001,-133
63.08750000000001,-131
63.08750000000001,-129
63.08750000000001,-127
63.08750000000001,-125
63.08750000000001,-123
63.08750000000001,-121
63.08750000000001,-119
63.08750000000001,-117
63.08750000000001,-115
63.08750000000001,-113
63.08750000000001,-111
63.08750000000001,-109
63.08750000000001,-107
63.08750000000001,-105
63.08750000000001,-103
63.08750000000001,-101
63.08750000000001,-99
63.08750000000001,-97
63.08750000000001,-95
63.08750000000001,-47
63.08750000000001,-45
63.08750000000001,13
63.08750000000001,15
63.08750000000001,25
63.08750000000001,27
63.08750000000001,29
63.08750000000001,31
63.08750000000001,33
63.08750000000001,35
63.08750000000001,39
63.08750000000001,41
63.08750000000001,43
63.08750000000001,45
63.08750000000001,47
63.08750000000001,49
63.08750000000001,51
63.08750000000001,53
63.08750000000001,55
63.08750000000001,57
63.08750000000001,59
63.08750000000001,61
63.08750000000001,63
63.08750000000001,65
63.08750000000001,67
63.08750000000001,69
63.08750000000001,71
63.08750000000001,73
63.08750000000001,75
63.08750000000001,77
63.08750000000001,79
63.08750000000001,81
63.08750000000001,83
63.08750000000001,85
63.08750000000001,87
63.08750000000001,89
63.08750000000001,91
63.08750000000001,93
63.08750000000001,95
63.08750000000001,97
63.08750000000001,99
63.08750000000001,101
63.08750000000001,103
63.08750000000001,105
63.08750000000001,107
63.08750000000001,109
63.08750000000001,111
63.08750000000001,113
63.08750000000001,115
63.08750000000001,117
63.08750000000001,119
63.08750000000001,121
63.08750000000001,123
63.08750000000001,125
63.08750000000001,127
63.08750000000001,129
63.08750000000001,131
63.08750000000001,133
63.08750000000001,135
63.08750000000001,137
63.08750000000001,139
63.08750000000001,141
63.08750000000001,143
63.08750000000001,145
63.08750000000001,147
63.08750000000001,149
63.08750000000001,151
63.08750000000001,153
63.08750000000001,155
63.08750000000001,157
63.08750000000001,159
63.08750000000001,161
63.08750000000001,167
65.09027777777777,-159
65.09027777777777,-157
65.09027777777777,-155
65.09027777777777,-153
65.09027777777777,-151
65.09027777777777,-149
65.09027777777777,-147
65.09027777777777,-145
65.09027777777777,-143
65.09027777777777,-141
65.09027777777777,-139
65.09027777777777,-137
65.09027777777777,-135
65.09027777777777,-133
65.09027777777777,-131
65.09027777777777,-129
65.09027777777777,-127
65.09027777777777,-125
65.09027777777777,-123
65.09027777777777,-121
65.09027777777777,-119
65.09027777777777,-117
65.09027777777777,-115
65.09027777777777,-113
65.09027777777777,-111
65.09027777777777,-109
65.09027777777777,-107
65.09027777777777,-105
65.09027777777777,-103
65.09027777777777,-101
65.09027777777777,-99
65.09027777777777,-97
65.09027777777777,-95
65.09027777777777,-93
65.09027777777777,-91
65.09027777777777,-71
65.09027777777777,-69
65.09027777777777,-49
65.09027777777777,-47
65.09027777777777,-45
65.09027777777777,-43
65.09027777777777,15
65.09027777777777,17
65.09027777777777,19
65.09027777777777,27
65.09027777777777,29
65.09027777777777,31
65.09027777777777,33
65.09027777777777,47
65.09027777777777,49
65.09027777777777,51
65.09027777777777,53
65.09027777777777,55
65.09027777777777,57
65.09027777777777,59
65.09027777777777,61
65.09027777777777,63
65.09027777777777,65
65.09027777777777,67
65.09027777777777,69
65.09027777777777,71
65.09027777777777,73
65.09027777777777,75
65.09027777777777,77
65.09027777777777,79
65.09027777777777,81
65.09027777777777,83
65.09027777777777,85
65.09027777777777,87
65.09027777777777,89
65.09027777777777,91
65.09027777777777,93
65.09027777777777,95
65.09027777777777,97
65.09027777777777,99
65.09027777777777,101
65.09027777777777,103
65.09027777777777,105
65.09027777777777,107
65.09027777777777,109
65.09027777777777,111
65.09027777777777,113
65.09027777777777,115
65.09027777777777,117
65.09027777777777,119
65.09027777777777,121
65.09027777777777,123
65.09027777777777,125
65.09027777777777,127
65.09027777777777,129
65.09027777777777,131
65.09027777777777,133
65.09027777777777,135
65.09027777777777,137
65.09027777777777,139
65.09027777777777,141
65.09027777777777,143
65.09027777777777,145
65.09027777777777,147
65.09027777777777,149
65.09027777777777,151
65.09027777777777,153
65.09027777777777,155
65.09027777777777,157
65.09027777777777,159
65.09027777777777,161
65.09027777777777,163
65.09027777777777,165
65.09027777777777,167
67.09305555555557,-159
67.09305555555557,-157
67.09305555555557,-155
67.09305555555557,-153
67.09305555555557,-151
67.09305555555557,-149
67.09305555555557,-147
67.09305555555557,-145
67.09305555555557,-143
67.09305555555557,-141
67.09305555555557,-139
67.09305555555557,-137
67.09305555555557,-135
67.09305555555557,-133
67.09305555555557,-131
67.09305555555557,-129
67.09305555555557,-127
67.09305555555557,-125
67.09305555555557,-123
67.09305555555557,-121
67.09305555555557,-119
67.09305555555557,-117
67.09305555555557,-93
67.09305555555557,-91
67.09305555555557,-89
67.09305555555557,-71
67.09305555555557,-69
67.09305555555557,-51
67.09305555555557,-49
67.09305555555557,-47
67.09305555555557,-45
67.09305555555557,-43
67.09305555555557,-41
67.09305555555557,-39
67.09305555555557,19
67.09305555555557,21
67.09305555555557,23
67.09305555555557,25
67.09305555555557,27
67.09305555555557,29
67.09305555555557,31
67.09305555555557,53
67.09305555555557,55
67.09305555555557,57
67.09305555555557,59
67.09305555555557,61
67.09305555555557,63
67.09305555555557,65
67.09305555555557,67
67.09305555555557,69
67.09305555555557,77
67.09305555555557,79
67.09305555555557,81
67.09305555555557,83
67.09305555555557,85
67.09305555555557,87
67.09305555555557,89
67.09305555555557,91
67.09305555555557,93
67.09305555555557,95
67.09305555555557,97
67.09305555555557,99
67.09305555555557,101
67.09305555555557,103
67.09305555555557,105
67.09305555555557,107
67.09305555555557,109
67.09305555555557,111
67.09305555555557,113
67.09305555555557,115
67.09305555555557,117
67.09305555555557,119
67.09305555555557,121
67.09305555555557,123
67.09305555555557,125
67.09305555555557,127
67.09305555555557,129
67.09305555555557,131
67.09305555555557,133
67.09305555555557,135
67.09305555555557,137
67.09305555555557,139
67.09305555555557,141
67.09305555555557,143
67.09305555555557,145
67.09305555555557,147
67.09305555555557,149
67.09305555555557,151
67.09305555555557,153
67.09305555555557,155
67.09305555555557,157
67.09305555555557,159
67.09305555555557,161
67.09305555555557,163
67.09305555555557,165
67.09305555555557,167
69.09583333333333,-161
69.09583333333333,-159
69.09583333333333,-157
69.09583333333333,-155
69.09583333333333,-153
69.09583333333333,-151
69.09583333333333,-149
69.09583333333333,-147
69.09583333333333,-49
69.09583333333333,-47
69.09583333333333,-45
69.09583333333333,-43
69.09583333333333,-41
69.09583333333333,-39
69.09583333333333,-37
69.09583333333333,-35
69.09583333333333,-33
69.09583333333333,23
69.09583333333333,25
69.09583333333333,27
69.09583333333333,71
69.09583333333333,79
69.09583333333333,81
69.09583333333333,83
69.09583333333333,85
69.09583333333333,87
69.09583333333333,89
69.09583333333333,91
69.09583333333333,93
69.09583333333333,95
69.09583333333333,97
69.09583333333333,99
69.09583333333333,101
69.09583333333333,103
69.09583333333333,105
69.09583333333333,107
69.09583333333333,109
69.09583333333333,111
69.09583333333333,113
69.09583333333333,115
69.09583333333333,117
69.09583333333333,119
69.09583333333333,121
69.09583333333333,123
69.09583333333333,125
69.09583333333333,127
69.09583333333333,129
69.09583333333333,131
69.09583333333333,133
69.09583333333333,135
69.09583333333333,137
69.09583333333333,139
69.09583333333333,141
69.09583333333333,143
69.09583333333333,145
69.09583333333333,147
69.09583333333333,149
69.09583333333333,151
69.09583333333333,153
69.09583333333333,155
69.09583333333333,157
71.0986111111111,-49
71.0986111111111,-47
71.0986111111111,-45
71.0986111111111,-43
71.0986111111111,-41
71.0986111111111,-39
71.0986111111111,-37
71.0986111111111,-35
71.0986111111111,-33
71.0986111111111,-31
71.0986111111111,-29
71.0986111111111,85
71.0986111111111,87
71.0986111111111,89
71.0986111111111,91
71.0986111111111,93
71.0986111111111,95
71.0986111111111,97
71.0986111111111,99
71.0986111111111,101
71.0986111111111,103
71.0986111111111,105
71.0986111111111,107
71.0986111111111,109
71.0986111111111,111
71.0986111111111,113
71.0986111111111,115
71.0986111111111,117
71.0986111111111,119
71.0986111111111,121
71.0986111111111,123
71.0986111111111,125
71.0986111111111,127
71.0986111111111,143
71.0986111111111,145
71.0986111111111,147
73.10138888888889,-53
73.10138888888889,-51
73.10138888888889,-49
73.10138888888889,-47
73.10138888888889,-45
73.10138888888889,-43
73.10138888888889,-41
73.10138888888889,-39
73.10138888888889,-37
73.10138888888889,-35
73.10138888888889,-33
73.10138888888889,-31
73.10138888888889,-29
73.10138888888889,-27
73.10138888888889,89
73.10138888888889,91
73.10138888888889,93
73.10138888888889,95
73.10138888888889,97
73.10138888888889,99
73.10138888888889,101
73.10138888888889,103
73.10138888888889,105
75.10416666666666,-55
75.10416666666666,-53
75.10416666666666,-51
75.10416666666666,-49
75.10416666666666,-47
75.10416666666666,-45
75.10416666666666,-43
75.10416666666666,-41
75.10416666666666,-39
75.10416666666666,-37
75.10416666666666,-35
75.10416666666666,-33
75.10416666666666,-31
75.10416666666666,-29
75.10416666666666,-27
75.10416666666666,-25
75.10416666666666,-23
75.10416666666666,101
77.10694444444445,-59
77.10694444444445,-57
77.10694444444445,-55
77.10694444444445,-53
77.10694444444445,-51
77.10694444444445,-49
77.10694444444445,-47
77.10694444444445,-45
77.10694444444445,-43
77.10694444444445,-41
77.10694444444445,-39
77.10694444444445,-37
77.10694444444445,-35
77.10694444444445,-33
77.10694444444445,-31
77.10694444444445,-29
77.10694444444445,-27
77.10694444444445,-25
79.10972222222222,-63
79.10972222222222,-61
79.10972222222222,-59
79.10972222222222,-57
79.10972222222222,-55
79.10972222222222,-53
79.10972222222222,-51
79.10972222222222,-49
79.10972222222222,-47
79.10972222222222,-45
79.10972222222222,-43
79.10972222222222,-41
79.10972222222222,-39
79.10972222222222,-37
79.10972222222222,-35
79.10972222222222,-33
79.10972222222222,-31
79.10972222222222,-29
79.10972222222222,-27
79.10972222222222,-25
79.10972222222222,-23
81.11250000000001,-49
81.11250000000001,-43
81.11250000000001,-41
81.11250000000001,-39
81.11250000000001,-37
81.11250000000001,-35
81.11250000000001,-33
81.11250000000001,-31
81.11250000000001,-29
81.11250000000001,-27
